codigo,designacao,planta_o,tema_o,subtema_o,planta_c,tema_c,subtema_c,geometria
1,Área de Intervenção do Plano,Ordenamento,Área de Intervenção do Plano,Área de Intervenção do Plano,Condicionantes,Área de Intervenção do Plano,Área de Intervenção do Plano,Polígono
2,Espaço Central,Ordenamento,Classificação e Qualificação do Solo,Solo Urbano,,,,Polígono
3,Espaço Habitacional,Ordenamento,Classificação e Qualificação do Solo,Solo Urbano,,,,Polígono
4,Espaço Urbano de Baixa Densidade,Ordenamento,Classificação e Qualificação do Solo,Solo Urbano,,,,Polígono
5,Espaço de Atividades Económicas,Ordenamento,Classificação e Qualificação do Solo,Solo Urbano,,,,Polígono
152,Espaço de uso especial – equipamento,Ordenamento,Classificação e Qualificação do Solo,Solo Urbano,,,,Polígono
151,Espaço de uso especial – infraestrutura estruturante,Ordenamento,Classificação e Qualificação do Solo,Solo Urbano,,,,Polígono
6,Espaço de uso especial – turístico,Ordenamento,Classificação e Qualificação do Solo,Solo Urbano,,,,Polígono
7,Espaço Verde,Ordenamento,Classificação e Qualificação do Solo,Solo Urbano,,,,Polígono
8,Espaço Agrícola,Ordenamento,Classificação e Qualificação do Solo,Solo Rústico,,,,Polígono
9,Espaço Florestal,Ordenamento,Classificação e Qualificação do Solo,Solo Rústico,,,,Polígono
10,Espaço de Exploração de Recursos Energéticos e Geológicos,Ordenamento,Classificação e Qualificação do Solo,Solo Rústico,,,,Polígono
11,Espaço Natural e Paisagístico,Ordenamento,Classificação e Qualificação do Solo,Solo Rústico,,,,Polígono
12,Espaço de Atividades Industriais,Ordenamento,Classificação e Qualificação do Solo,Solo Rústico,,,,Polígono
13,Aglomerado Rural,Ordenamento,Classificação e Qualificação do Solo,Solo Rústico,,,,Polígono
14,Área de Edificação Dispersa,Ordenamento,Classificação e Qualificação do Solo,Solo Rústico,,,,Polígono
15,Espaço Cultural,Ordenamento,Classificação e Qualificação do Solo,Solo Rústico,,,,Polígono
16,Espaço de Ocupação Turística,Ordenamento,Classificação e Qualificação do Solo,Solo Rústico,,,,Polígono
17,Espaço de Equipamentos e Infraestruturas,Ordenamento,Classificação e Qualificação do Solo,Solo Rústico,,,,Polígono
18,Estrutura Ecológica Municipal,Ordenamento,Áreas com Funções Específicas,Estrutura Ecológica Municipal,,,,Polígono
19,Espaço Canal,Ordenamento,Áreas com Funções Específicas,Espaço Canal,,,,Polígono
134,Área de Perigosidade,Ordenamento,Áreas com Funções Específicas,Risco,,,,Polígono
133,Área de Risco,Ordenamento,Áreas com Funções Específicas,Risco,,,,Polígono
139,Zona Sensível ao Ruído,Ordenamento,Áreas com Funções Específicas,Ruído,,,,Polígono
140,Zona Mista ao Ruído,Ordenamento,Áreas com Funções Específicas,Ruído,,,,Polígono
145,Zona de proteção e de salvaguarda dos recursos e valores naturais,Ordenamento,Áreas com Funções Específicas,Zona de proteção e de salvaguarda dos recursos e valores naturais,,,,Polígono
149,Geossítio,Ordenamento,Áreas com Funções Específicas,Património geológico,,,,Polígono
150,Imóvel inventariado,Ordenamento,Áreas com Funções Específicas,Inventário de bens culturais,,,,Ponto
20,Unidade Operativa de Planeamento e Gestão (U.O.P.G.),Ordenamento,Programação da Execução do Plano,Programação da Execução do Plano,,,,Polígono
138,Unidade de execução,Ordenamento,Programação da Execução do Plano,Programação da Execução do Plano,,,,Polígono
21,Área de Intervenção de Programa Especial,Ordenamento,Áreas de Intervenção de Outros Instrumentos ou Entidades,Programas Territoriais,,,,Polígono
130,Área de Intervenção de Programa Setorial,Ordenamento,Áreas de Intervenção de Outros Instrumentos ou Entidades,Programas Territoriais,,,,Polígono
131,Área de Intervenção de Programa Intermunicipal,Ordenamento,Áreas de Intervenção de Outros Instrumentos ou Entidades,Programas Territoriais,,,,Polígono
132,"Área de Intervenção de Plano Intermunicipal (PUI, PPI)",Ordenamento,Áreas de Intervenção de Outros Instrumentos ou Entidades,Planos Territoriais,,,,Polígono
22,"Área de Intervenção de Plano Municipal (PU, PP)",Ordenamento,Áreas de Intervenção de Outros Instrumentos ou Entidades,Planos Territoriais,,,,Polígono
135,Área Urbana de Génese Ilegal (AUGI),Ordenamento,Áreas de Intervenção de Outros Instrumentos ou Entidades,Reabilitação ou Revitalização,,,,Polígono
136,Área de Reabilitação Urbana (ARU),Ordenamento,Áreas de Intervenção de Outros Instrumentos ou Entidades,Reabilitação ou Revitalização,,,,Polígono
129,Área de Jurisdição do Porto,Ordenamento,Áreas de Intervenção de Outros Instrumentos ou Entidades,Área de Jurisdição dos Portos,,,,Polígono
23,Equipamento de Utilização Coletiva,Ordenamento,Sistemas Estruturantes,Equipamentos de Utilização Coletiva,,,,"Polígono, Ponto"
24,Equipamento de Utilização Coletiva Previsto,Ordenamento,Sistemas Estruturantes,Equipamentos de Utilização Coletiva,,,,"Polígono, Ponto"
25,Rodovia Principal,Ordenamento,Sistemas Estruturantes,Infraestruturas de Circulação e Transporte,,,,Linha
26,Rodovia Principal Prevista,Ordenamento,Sistemas Estruturantes,Infraestruturas de Circulação e Transporte,,,,Linha
27,Rodovia Distribuidora,Ordenamento,Sistemas Estruturantes,Infraestruturas de Circulação e Transporte,,,,Linha
28,Rodovia Distribuidora Prevista,Ordenamento,Sistemas Estruturantes,Infraestruturas de Circulação e Transporte,,,,Linha
29,Rodovia de Acesso Local,Ordenamento,Sistemas Estruturantes,Infraestruturas de Circulação e Transporte,,,,Linha
30,Rodovia de Acesso Local Prevista,Ordenamento,Sistemas Estruturantes,Infraestruturas de Circulação e Transporte,,,,Linha
31,Nó Rodoviário,Ordenamento,Sistemas Estruturantes,Infraestruturas de Circulação e Transporte,,,,Ponto
32,Nó Rodoviário Previsto,Ordenamento,Sistemas Estruturantes,Infraestruturas de Circulação e Transporte,,,,Ponto
35,Via-Férrea,Ordenamento,Sistemas Estruturantes,Infraestruturas de Circulação e Transporte,Condicionantes,Infraestruturas,Rede Ferroviária,Linha
36,Via-Férrea Prevista,Ordenamento,Sistemas Estruturantes,Infraestruturas de Circulação e Transporte,,,,Linha
33,Estação ou Interface de Transporte,Ordenamento,Sistemas Estruturantes,Infraestruturas de Circulação e Transporte,,,,Ponto
34,Estação ou Interface de Transporte Prevista,Ordenamento,Sistemas Estruturantes,Infraestruturas de Circulação e Transporte,,,,Ponto
146,Estacionamento,Ordenamento,Sistemas Estruturantes,Infraestruturas de Circulação e Transporte,,,,Ponto
147,Estacionamento Previsto,Ordenamento,Sistemas Estruturantes,Infraestruturas de Circulação e Transporte,,,,Ponto
37,Infraestrutura de Transporte Aéreo,Ordenamento,Sistemas Estruturantes,Infraestruturas de Circulação e Transporte,,,,Ponto
38,Infraestrutura de Transporte Aéreo Prevista,Ordenamento,Sistemas Estruturantes,Infraestruturas de Circulação e Transporte,,,,Ponto
39,Porto,Ordenamento,Sistemas Estruturantes,Infraestruturas de Circulação e Transporte,,,,Ponto
40,Porto Previsto,Ordenamento,Sistemas Estruturantes,Infraestruturas de Circulação e Transporte,,,,Ponto
41,"Captação, Tratamento ou Armazenamento de Água",Ordenamento,Sistemas Estruturantes,Infraestruturas de Abastecimento de Água,Condicionantes,Infraestruturas,Abastecimento de Água,Ponto
42,"Captação, Tratamento ou Armazenamento de Água Prevista",Ordenamento,Sistemas Estruturantes,Infraestruturas de Abastecimento de Água,,,,Ponto
45,Bombagem ou Tratamento de Águas Residuais,Ordenamento,Sistemas Estruturantes,Infraestruturas de Drenagem de Águas Residuais,Condicionantes,Infraestruturas,Drenagem de Águas Residuais,Ponto
46,Bombagem ou Tratamento de Águas Residuais Prevista,Ordenamento,Sistemas Estruturantes,Infraestruturas de Drenagem de Águas Residuais,,,,Ponto
47,Estação de Tratamento de Resíduos Sólidos,Ordenamento,Sistemas Estruturantes,Infraestruturasde Recolha e Tratamento de Resíduos Sólidos,Condicionantes,Infraestruturas,Drenagem de Águas Residuais,Ponto
48,Estação de Tratamento de Resíduos Sólidos Prevista,Ordenamento,Sistemas Estruturantes,Infraestruturasde Recolha e Tratamento de Resíduos Sólidos,,,,Ponto
49,Infraestrutura de Produção ou Transformação de Energia Elétrica,Ordenamento,Sistemas Estruturantes,Infraestruturas de Abastecimento de Energia Elétrica,Condicionantes,Infraestruturas,Rede Elétrica,Ponto
50,Infraestrutura de Produção ou Transformação de Energia Elétrica Prevista,Ordenamento,Sistemas Estruturantes,Infraestruturas de Abastecimento de Energia Elétrica,,,,Ponto
53,Leito e Margem das Águas do Mar,,,,Condicionantes,Recursos Hídricos,Domínio Público Hídrico,Polígono
54,Leito e Margem das Águas Fluviais,,,,Condicionantes,Recursos Hídricos,Domínio Público Hídrico,"Linha, Polígono"
55,Zona Contígua à Margem,,,,Condicionantes,Recursos Hídricos,Domínio Público Hídrico,Polígono
56,Zona Adjacente,,,,Condicionantes,Recursos Hídricos,Domínio Público Hídrico,Polígono
57,Albufeira Classificada,,,,Condicionantes,Recursos Hídricos,"Albufeiras, Lagos ou Lagoas de Águas Públicas",Polígono
58,Lago ou Lagoa classificada,,,,Condicionantes,Recursos Hídricos,"Albufeiras, Lagos ou Lagoas de Águas Públicas",Polígono
59,Zona Terrestre de Proteção,,,,Condicionantes,Recursos Hídricos,"Albufeiras, Lagos ou Lagoas de Águas Públicas",Polígono
60,Zona Reservada da Zona Terrestre de Proteção,,,,Condicionantes,Recursos Hídricos,"Albufeiras, Lagos ou Lagoas de Águas Públicas",Polígono
61,Zona de Proteção da Barragem,,,,Condicionantes,Recursos Hídricos,"Albufeiras, Lagos ou Lagoas de Águas Públicas",Polígono
62,Zona de Respeito da Barragem,,,,Condicionantes,Recursos Hídricos,"Albufeiras, Lagos ou Lagoas de Águas Públicas",Polígono
63,Perímetro de Proteção de Captação de Água Subterrânea,,,,Condicionantes,Recursos Geológicos,Captações de Águas Subterrâneas para Abastecimento Público,Polígono
64,Perímetro de Proteção de Águas da Nascente,,,,Condicionantes,Recursos Geológicos,Águas de Nascente,Polígono
65,Perímetro de Proteção de Águas Minerais Naturais,,,,Condicionantes,Recursos Geológicos,Águas Minerais Naturais,Polígono
66,Zona de Defesa / Zona Especial de Defesa,,,,Condicionantes,Recursos Geológicos,Pedreiras,Polígono
67,Área Cativa / Área de Reserva,,,,Condicionantes,Recursos Geológicos,Pedreiras,Polígono
142,Área de Servidão de Recurso Geológico,,,,Condicionantes,Recursos Geológicos,Recursos Geológicos,Polígono
68,Reserva Agrícola Nacional,,,,Condicionantes,Recursos Agrícolas e Florestais,Reserva Agrícola Nacional,Polígono
69,Área Excluída da Reserva Agrícola Nacional,,,,Condicionantes,Recursos Agrícolas e Florestais,Área Excluída da Reserva Agrícola Nacional,Polígono
70,Perímetro Hidroagrícola,,,,Condicionantes,Recursos Agrícolas e Florestais,Obras de Aproveitamento Hidroagrícola,Polígono
71,Povoamento de Oliveiras,,,,Condicionantes,Recursos Agrícolas e Florestais,Oliveiras,Polígono
72,Povoamento de Sobreiros ou Azinheiras,,,,Condicionantes,Recursos Agrícolas e Florestais,Sobreiros ou Azinheiras,Polígono
73,"Área onde tenham ocorrido Incêndios, Depreciação do Arvoredo ou Abates Ilegais",,,,Condicionantes,Recursos Agrícolas e Florestais,Sobreiros ou Azinheiras,Polígono
74,Povoamento de Azevinho,,,,Condicionantes,Recursos Agrícolas e Florestais,Azevinho,Polígono
75,Regime Florestal Total,,,,Condicionantes,Recursos Agrícolas e Florestais,Regime Florestal,Polígono
76,Regime Florestal Parcial,,,,Condicionantes,Recursos Agrícolas e Florestais,Regime Florestal,Polígono
77,Povoamento Florestal Percorrido por Incêndio,,,,Condicionantes,Recursos Agrícolas e Florestais,Povoamentos Florestais Percorridos por Incêndio,Polígono
78,Classe de Risco de Incêndio (alta ou muito alta),,,,Condicionantes,Recursos Agrícolas e Florestais,Protecção ao Risco de Incêndio,Polígono
79,Zona critica,,,,Condicionantes,Recursos Agrícolas e Florestais,Protecção ao Risco de Incêndio,Polígono
80,Redes de Faixas de Gestão de Combustível (rede primária e secundária),,,,Condicionantes,Recursos Agrícolas e Florestais,Protecção ao Risco de Incêndio,"Linha, Polígono"
81,Árvore ou Arvoredo de Interesse Público,,,,Condicionantes,Recursos Agrícolas e Florestais,Árvores e Arvoredo de Interesse Público,"Polígono, Ponto"
148,Reserva Ecológica Nacional,,,,Condicionantes,Recursos Ecológicos,Reserva Ecológica Nacional,Polígono
82,Área Excluida da Reserva Ecológica Nacional,,,,Condicionantes,Recursos Ecológicos,Reserva Ecológica Nacional,Polígono
83,Parque Nacional,,,,Condicionantes,Recursos Ecológicos,Áreas Protegidas,Polígono
84,Parque Natural,,,,Condicionantes,Recursos Ecológicos,Áreas Protegidas,Polígono
85,Reserva Natural,,,,Condicionantes,Recursos Ecológicos,Áreas Protegidas,Polígono
86,Monumento Natural,,,,Condicionantes,Recursos Ecológicos,Áreas Protegidas,"Polígono, Ponto"
87,Paisagem Protegida (de interesse regional ou local),,,,Condicionantes,Recursos Ecológicos,Áreas Protegidas,"Polígono, Ponto"
88,Sítio da Lista Nacional,,,,Condicionantes,Recursos Ecológicos,Rede Natura 2000,Polígono
89,Zona Especial de Conservação,,,,Condicionantes,Recursos Ecológicos,Rede Natura 2000,Polígono
90,Zona de Proteção Especial,,,,Condicionantes,Recursos Ecológicos,Rede Natura 2000,Polígono
141,Parque Arqueológico,,,,Condicionantes,Património Cultural,Património Arqueológico,"Polígono, Ponto"
91,Monumento Nacional,,,,Condicionantes,Património Cultural,Imóveis Classificados,"Polígono, Ponto"
92,Imóvel de Interesse Público,,,,Condicionantes,Património Cultural,Imóveis Classificados,"Polígono, Ponto"
93,Imóvel de Interesse Municipal,,,,Condicionantes,Património Cultural,Imóveis Classificados,"Polígono, Ponto"
94,Imóvel em Vias De Classificação,,,,Condicionantes,Património Cultural,Imóveis Classificados,"Polígono, Ponto"
95,Zona Geral de Proteção,,,,Condicionantes,Património Cultural,Imóveis Classificados,Polígono
96,Zona Especial de Proteção Provisória,,,,Condicionantes,Património Cultural,Imóveis Classificados,Polígono
97,Zona Especial de Proteção,,,,Condicionantes,Património Cultural,Imóveis Classificados,Polígono
98,Zona de Proteção de Edifício Público ou de Outra Construção,,,,Condicionantes,Património Cultural,Edifícios Públicos e Outras Construções,Polígono
99,Zona de Proteção de Estabelecimento Prisional ou Tutelar de Menores,,,,Condicionantes,Equipamentos,Estabelecimentos Prisionais e Tutelares de Menores,Polígono
100,Área de Jurisdição de Alfândega,,,,Condicionantes,Equipamentos,Instalações Aduaneiras,Polígono
101,Zona de Servidão Militar,,,,Condicionantes,Equipamentos,Defesa Nacional,Polígono
43,Conduta Adutora,,,,Condicionantes,Infraestruturas,Abastecimento de Água,Linha
102,Zona de Servidão de Abastecimento de Água,,,,Condicionantes,Infraestruturas,Abastecimento de Água,Polígono
44,Colector de Águas Residuais,,,,Condicionantes,Infraestruturas,Drenagem de Águas Residuais,Linha
103,Zona de Servidão de Drenagem de Águas Residuais,,,,Condicionantes,Infraestruturas,Drenagem de Águas Residuais,Polígono
51,Infraestrutura de Transporte de Energia Eletrica,,,,Condicionantes,Infraestruturas,Rede Elétrica,Linha
104,Zona de Servidão de Rede Elétrica,,,,Condicionantes,Infraestruturas,Rede Elétrica,Polígono
52,Gasoduto ou Oleoduto,,,,Condicionantes,Infraestruturas,Gasodutos e Oleodutos,Linha
137,Infraestrutura Associada a Gasoduto ou Oleoduto,,,,Condicionantes,Infraestruturas,Gasodutos e Oleodutos,Ponto
105,Zona de Servidão de Gasoduto ou Oleoduto,,,,Condicionantes,Infraestruturas,Gasodutos e Oleodutos,Polígono
106,Itinerário Principal,,,,Condicionantes,Infraestruturas,Rede Rodoviária Nacional e Regional,Linha
107,Itinerário Principal Autoestrada,,,,Condicionantes,Infraestruturas,Rede Rodoviária Nacional e Regional,Linha
108,Itinerário Complementar,,,,Condicionantes,Infraestruturas,Rede Rodoviária Nacional e Regional,Linha
109,Itinerário Complementar Autoestrada,,,,Condicionantes,Infraestruturas,Rede Rodoviária Nacional e Regional,Linha
110,Estrada Nacional,,,,Condicionantes,Infraestruturas,Rede Rodoviária Nacional e Regional,Linha
111,Estrada Regional,,,,Condicionantes,Infraestruturas,Rede Rodoviária Nacional e Regional,Linha
143,Estrada em Projeto,,,,Condicionantes,Infraestruturas,Rede Rodoviária Nacional e Regional,Linha
112,Zona de Servidão de Estrada do Plano Rodoviário Nacional,,,,Condicionantes,Infraestruturas,Rede Rodoviária Nacional e Regional,Polígono
144,Zona de Respeito de Estrada do Plano Rodoviário Nacional,,,,Condicionantes,Infraestruturas,Rede Rodoviária Nacional e Regional,Polígono
113,Estradas Nacionais Desclassificadas,,,,Condicionantes,Infraestruturas,Estradas Nacionais Desclassificadas,Linha
114,Zona de Servidão de Estrada Nacional Desclassificada,,,,Condicionantes,Infraestruturas,Estradas Nacionais Desclassificadas,Polígono
115,Estrada Municipal,,,,Condicionantes,Infraestruturas,Estradas e Caminhos Municipais,Linha
116,Caminho Municipal,,,,Condicionantes,Infraestruturas,Estradas e Caminhos Municipais,Linha
117,Zona de Servidão de Estrada ou Caminho Municipal,,,,Condicionantes,Infraestruturas,Estradas e Caminhos Municipais,Polígono
118,Zona de Servidão de Via-Férrea,,,,Condicionantes,Infraestruturas,Rede Ferroviária,Polígono
119,Zona de Servidão Aeronaútica,,,,Condicionantes,Infraestruturas,Aeroportos e Aeródromos,Polígono
120,Zona de Servidão Radioeléctrica,,,,Condicionantes,Infraestruturas,Telecomunicações,Polígono
121,Farol ou Outro Sinal Marítimo,,,,Condicionantes,Infraestruturas,Faróis e Outros Sinais Marítimos,Ponto
122,Zona de Servidão de Sinalização Maritima,,,,Condicionantes,Infraestruturas,Faróis e Outros Sinais Marítimos,Polígono
123,Zona de Proteção da Rede Geodésica,,,,Condicionantes,Infraestruturas,Rede Geodésica,Polígono
124,Marco Geodésico,,,,Condicionantes,Infraestruturas,Rede Geodésica,Ponto
125,Estabelecimento com Produtos Explosivos,,,,Condicionantes,Atividades Perigosas,Substâncias Perigosas,Ponto
126,Zona de Segurança de Estabelecimento com Produtos Explosivos,,,,Condicionantes,Atividades Perigosas,Substâncias Perigosas,Polígono
127,Estabelecimento com Substâncias Perigosas,,,,Condicionantes,Atividades Perigosas,Substâncias Perigosas,Ponto
128,Zona de Segurança de Estabelecimento com Substâncias Perigosas,,,,Condicionantes,Atividades Perigosas,Substâncias Perigosas,Polígono
